{
  "Total" : {
    "transaction" : "Total",
    "sampleCount" : 1575,
    "errorCount" : 0,
    "errorPct" : 0.0,
    "meanResTime" : 204.592380952381,
    "medianResTime" : 198.0,
    "minResTime" : 186.0,
    "maxResTime" : 1218.0,
    "pct1ResTime" : 208.0,
    "pct2ResTime" : 234.0,
    "pct3ResTime" : 422.0,
    "throughput" : 20.128309988753706,
    "receivedKBytesPerSec" : 13.78168960788135,
    "sentKBytesPerSec" : 4.720854985910183
  },
  "Login" : {
    "transaction" : "Login",
    "sampleCount" : 1575,
    "errorCount" : 0,
    "errorPct" : 0.0,
    "meanResTime" : 204.592380952381,
    "medianResTime" : 198.0,
    "minResTime" : 186.0,
    "maxResTime" : 1218.0,
    "pct1ResTime" : 208.0,
    "pct2ResTime" : 234.0,
    "pct3ResTime" : 422.0,
    "throughput" : 20.128309988753706,
    "receivedKBytesPerSec" : 13.78168960788135,
    "sentKBytesPerSec" : 4.720854985910183
  }
}